{
"lengthUnit": "mil",
"components": {
	"fields": ["COMPONENT_NO", "COMPONENT_NAME", "LAYER", "X_COORDINATE", "Y_COORDINATE", "ANGLE"],
	"rows": [
		[1, "5v", "T", 2905, 2190, 0],
		[2, "5vN1", "T", 3785, 2190, 0],
		[3, "12v", "T", 3165, 1465, 270],
		[4, "12vN1", "T", 3705, 1465, 270],
		[5, "H1", "T", 2940, 925, 0],
		[6, "H2", "T", 3245, 845, 0],
		[7, "H3", "T", 3520, 845, 0],
		[8, "H4", "T", 2645, 715, 180],
		[9, "U1", "T", 2980, 715, 0],
		[10, "U4", "T", 2150, 1470, 90],
		[11, "U5", "T", 2690, 1470, 90],
		[12, "U6", "T", 2265, 720, 0],
		[13, "U7", "T", 1910, 720, 0],
		[14, "U8", "T", 2555, 905, 180]
	]
},
"pins": {
	"fields": ["PIN_NO", "PIN_NAME", "PIN_X", "PIN_Y", "LAYER", "PIN_TYPE", "NET_NAME", "NET_TYPE", "PAD_SHAPE", "PAD_SIZEX", "PAD_SIZEY", "HOLE_SIZE", "PAD_ANGLE"],
	"rows": [
		[1, "5v_1", 2599.9, 2347.5, "T", "SMD", "$1N2924", "", "O", 216.5, 94.5, 0, 0],
		[2, "5v_2", 2599.9, 2048.3, "T", "SMD", "GND", "GND", "O", 216.5, 94.5, 0, 0],
		[3, "5v_3", 3210.1, 2048.3, "T", "SMD", "GND", "GND", "O", 216.5, 94.5, 0, 180],
		[4, "5v_4", 3210.1, 2347.5, "T", "SMD", "$1N3141", "", "O", 216.5, 94.5, 0, 180],
		[5, "5vN1_1", 3479.9, 2347.5, "T", "SMD", "$1N2924", "", "O", 216.5, 94.5, 0, 0],
		[6, "5vN1_2", 3479.9, 2048.3, "T", "SMD", "GND", "GND", "O", 216.5, 94.5, 0, 0],
		[7, "5vN1_3", 4090.1, 2048.3, "T", "SMD", "GND", "GND", "O", 216.5, 94.5, 0, 180],
		[8, "5vN1_4", 4090.1, 2347.5, "T", "SMD", "$1N3069", "", "O", 216.5, 94.5, 0, 180],
		[9, "12v_1", 3322.5, 1770.1, "T", "SMD", "$1N2940", "", "O", 216.5, 94.5, 0, 270],
		[10, "12v_2", 3023.3, 1770.1, "T", "SMD", "GND", "GND", "O", 216.5, 94.5, 0, 270],
		[11, "12v_3", 3023.3, 1159.9, "T", "SMD", "GND", "GND", "O", 216.5, 94.5, 0, 90],
		[12, "12v_4", 3322.5, 1159.9, "T", "SMD", "$1N3141", "", "O", 216.5, 94.5, 0, 90],
		[13, "12vN1_1", 3862.5, 1770.1, "T", "SMD", "$1N2940", "", "O", 216.5, 94.5, 0, 270],
		[14, "12vN1_2", 3563.3, 1770.1, "T", "SMD", "GND", "GND", "O", 216.5, 94.5, 0, 270],
		[15, "12vN1_3", 3563.3, 1159.9, "T", "SMD", "GND", "GND", "O", 216.5, 94.5, 0, 90],
		[16, "12vN1_4", 3862.5, 1159.9, "T", "SMD", "$1N3069", "", "O", 216.5, 94.5, 0, 90],
		[17, "H1_1", 2890, 925, "T", "DIP", "VCC", "", "R", 66.93, 66.93, 39.37, 0],
		[18, "H1_1", 2890, 925, "B", "DIP", "VCC", "", "R", 66.93, 66.93, 39.37, 0],
		[19, "H1_2", 2990, 925, "T", "DIP", "GND", "GND", "C", 66.93, 66.93, 39.37, 0],
		[20, "H1_2", 2990, 925, "B", "DIP", "GND", "GND", "C", 66.93, 66.93, 39.37, 0],
		[21, "H2_1", 3195, 845, "T", "DIP", "GND", "GND", "R", 66.93, 66.93, 39.37, 0],
		[22, "H2_1", 3195, 845, "B", "DIP", "GND", "GND", "R", 66.93, 66.93, 39.37, 0],
		[23, "H2_2", 3295, 845, "T", "DIP", "$1N2924", "", "C", 66.93, 66.93, 39.37, 0],
		[24, "H2_2", 3295, 845, "B", "DIP", "$1N2924", "", "C", 66.93, 66.93, 39.37, 0],
		[25, "H3_1", 3470, 845, "T", "DIP", "GND", "GND", "R", 66.93, 66.93, 39.37, 0],
		[26, "H3_1", 3470, 845, "B", "DIP", "GND", "GND", "R", 66.93, 66.93, 39.37, 0],
		[27, "H3_2", 3570, 845, "T", "DIP", "$1N2940", "", "C", 66.93, 66.93, 39.37, 0],
		[28, "H3_2", 3570, 845, "B", "DIP", "$1N2940", "", "C", 66.93, 66.93, 39.37, 0],
		[29, "H4_1", 2695, 715, "T", "DIP", "$1N3257", "", "R", 66.93, 66.93, 39.37, 180],
		[30, "H4_1", 2695, 715, "B", "DIP", "$1N3257", "", "R", 66.93, 66.93, 39.37, 180],
		[31, "H4_2", 2595, 715, "T", "DIP", "$1N3292", "", "C", 66.93, 66.93, 39.37, 180],
		[32, "H4_2", 2595, 715, "B", "DIP", "$1N3292", "", "C", 66.93, 66.93, 39.37, 180],
		[33, "U1_1", 2880, 715, "T", "DIP", "VCC", "", "R", 62, 62, 40.16, 0],
		[34, "U1_1", 2880, 715, "B", "DIP", "VCC", "", "R", 62, 62, 40.16, 0],
		[35, "U1_2", 2980, 715, "T", "DIP", "$1N3141", "", "C", 62, 62, 40.16, 0],
		[36, "U1_2", 2980, 715, "B", "DIP", "$1N3141", "", "C", 62, 62, 40.16, 0],
		[37, "U1_3", 3080, 715, "T", "DIP", "$1N3069", "", "C", 62, 62, 40.16, 0],
		[38, "U1_3", 3080, 715, "B", "DIP", "$1N3069", "", "C", 62, 62, 40.16, 0],
		[39, "U4_1", 1934.02, 1750.55, "T", "SMD", "$1N3069", "", "O", 70.87, 157.48, 0, 180],
		[40, "U4_1", 2034.02, 1750.55, "T", "SMD", "$1N3069", "", "O", 70.87, 157.48, 0, 180],
		[41, "U4_2", 2298.23, 1750.55, "T", "SMD", "GND", "GND", "O", 70.87, 157.48, 0, 180],
		[42, "U4_3", 1925, 1160, "T", "SMD", "$1N3305", "", "O", 70.87, 157.48, 0, 180],
		[43, "U4_4", 2299.01, 1160, "T", "SMD", "GND", "GND", "O", 70.87, 157.48, 0, 180],
		[44, "U5_1", 2474.02, 1750.55, "T", "SMD", "VCC", "", "O", 70.87, 157.48, 0, 180],
		[45, "U5_1", 2574.02, 1750.55, "T", "SMD", "VCC", "", "O", 70.87, 157.48, 0, 180],
		[46, "U5_2", 2838.23, 1750.55, "T", "SMD", "GND", "GND", "O", 70.87, 157.48, 0, 180],
		[47, "U5_3", 2465, 1160, "T", "SMD", "$1N3243", "", "O", 70.87, 157.48, 0, 180],
		[48, "U5_4", 2839.01, 1160, "T", "SMD", "$1N3257", "", "O", 70.87, 157.48, 0, 180],
		[49, "U6_1", 2217.76, 720, "T", "SMD", "$1N3243", "", "R", 23.62, 118.11, 0, 0],
		[50, "U6_2", 2265, 720, "T", "SMD", "$1N3243", "", "R", 43.31, 118.11, 0, 0],
		[51, "U6_3", 2312.24, 720, "T", "SMD", "$1N3292", "", "R", 23.62, 118.11, 0, 0],
		[52, "U7_1", 1862.76, 720, "T", "SMD", "$1N3305", "", "R", 23.62, 118.11, 0, 0],
		[53, "U7_2", 1910, 720, "T", "SMD", "$1N3305", "", "R", 43.31, 118.11, 0, 0],
		[54, "U7_3", 1957.24, 720, "T", "SMD", "GND", "GND", "R", 23.62, 118.11, 0, 0],
		[55, "U8_1", 2675.72, 905, "T", "SMD", "$1N3292", "", "R", 50.49, 136.06, 0, 180],
		[56, "U8_2", 2434.28, 905, "T", "SMD", "$1N3243", "", "R", 50.49, 136.06, 0, 180]
	]
}
}